<?xml version="1.0" encoding="UTF-8"?>
<!DOCTYPE manifest PUBLIC "-//MECA//DTD Manifest v1.0//en" "MECA_manifest.dtd">
<manifest manifest-version="1" xmlns="https://manuscriptexchange.org/schema/manifest" xmlns:xlink="http://www.w3.org/1999/xlink">
  <item item-type="article-metadata">
    <instance media-type="text/xml" xlink:href="index.xml"/>
  </item>
  <item item-type="manuscript">
    <instance media-type="application/pdf" xlink:href="index.pdf"/>
  </item>
  <item item-type="manuscript">
    <instance media-type="application/vnd.openxmlformats-officedocument.wordprocessingml.document" xlink:href="index.docx"/>
  </item>
  <item item-type="manuscript">
    <instance media-type="text/plain" xlink:href="_tex/index.tex"/>
  </item>
  <item item-type="manuscript-supporting-file">
    <instance media-type="image/png" xlink:href="_tex/strathcona/figures/study_area.png"/>
  </item>
  <item item-type="manuscript-supporting-file">
    <instance media-type="image/png" xlink:href="_tex/figures/flow.drawio.png"/>
  </item>
  <item item-type="manuscript-supporting-file">
    <instance media-type="image/png" xlink:href="_tex/strathcona/figures/mahal_boxplot_sig.png"/>
  </item>
  <item item-type="manuscript-supporting-file">
    <instance media-type="application/octet-stream" xlink:href="_tex/agujournal2019.cls"/>
  </item>
  <item item-type="manuscript-supporting-file">
    <instance media-type="application/octet-stream" xlink:href="_tex/references.bib"/>
  </item>
  <item item-type="manuscript-supporting-file">
    <instance media-type="application/octet-stream" xlink:href="_tex/packages.bib"/>
  </item>
  <item item-type="manuscript-supporting-file">
    <instance media-type="application/octet-stream" xlink:href="_tex/trackchanges.sty"/>
  </item>
  <item item-type="manuscript-supporting-file">
    <instance media-type="image/png" xlink:href="strathcona/figures/study_area.png"/>
  </item>
  <item item-type="manuscript-supporting-file">
    <instance media-type="image/png" xlink:href="figures/flow.drawio.png"/>
  </item>
  <item item-type="manuscript-supporting-file">
    <instance media-type="image/png" xlink:href="strathcona/figures/mahal_boxplot_sig.png"/>
  </item>
  <item item-type="manuscript-supporting-file">
    <instance media-type="application/octet-stream" xlink:href="index.qmd"/>
  </item>
  <item item-type="article-source">
    <instance media-type="application/octet-stream" xlink:href="source/.Rprofile"/>
  </item>
  <item item-type="article-source">
    <instance media-type="application/octet-stream" xlink:href="source/.github/workflows/publish.yml"/>
  </item>
  <item item-type="article-source">
    <instance media-type="application/octet-stream" xlink:href="source/.gitignore"/>
  </item>
  <item item-type="article-source">
    <instance media-type="text/markdown" xlink:href="source/README.md"/>
  </item>
  <item item-type="article-source">
    <instance media-type="application/octet-stream" xlink:href="source/_extensions/quarto-journals/agu/_extension.yml"/>
  </item>
  <item item-type="article-source">
    <instance media-type="application/octet-stream" xlink:href="source/_extensions/quarto-journals/agu/agu.lua"/>
  </item>
  <item item-type="article-source">
    <instance media-type="application/octet-stream" xlink:href="source/_extensions/quarto-journals/agu/agujournal2019.cls"/>
  </item>
  <item item-type="article-source">
    <instance media-type="application/octet-stream" xlink:href="source/_extensions/quarto-journals/agu/american-geophysical-union.csl"/>
  </item>
  <item item-type="article-source">
    <instance media-type="text/plain" xlink:href="source/_extensions/quarto-journals/agu/partials/_affiliations.tex"/>
  </item>
  <item item-type="article-source">
    <instance media-type="text/plain" xlink:href="source/_extensions/quarto-journals/agu/partials/_authors.tex"/>
  </item>
  <item item-type="article-source">
    <instance media-type="text/plain" xlink:href="source/_extensions/quarto-journals/agu/partials/_corresponding-author.tex"/>
  </item>
  <item item-type="article-source">
    <instance media-type="text/plain" xlink:href="source/_extensions/quarto-journals/agu/partials/before-body.tex"/>
  </item>
  <item item-type="article-source">
    <instance media-type="text/plain" xlink:href="source/_extensions/quarto-journals/agu/partials/title.tex"/>
  </item>
  <item item-type="article-source">
    <instance media-type="application/octet-stream" xlink:href="source/_extensions/quarto-journals/agu/trackchanges.sty"/>
  </item>
  <item item-type="article-source">
    <instance media-type="application/json" xlink:href="source/_freeze/index/execute-results/docx.json"/>
  </item>
  <item item-type="article-source">
    <instance media-type="application/json" xlink:href="source/_freeze/index/execute-results/html.json"/>
  </item>
  <item item-type="article-source">
    <instance media-type="application/json" xlink:href="source/_freeze/index/execute-results/tex.json"/>
  </item>
  <item item-type="article-source">
    <instance media-type="application/json" xlink:href="source/_freeze/index/execute-results/xml.json"/>
  </item>
  <item item-type="article-source">
    <instance media-type="image/png" xlink:href="source/_freeze/index/figure-docx/fig-spatial-plot-output-1.png"/>
  </item>
  <item item-type="article-source">
    <instance media-type="image/png" xlink:href="source/_freeze/index/figure-docx/fig-timeline-1.png"/>
  </item>
  <item item-type="article-source">
    <instance media-type="image/png" xlink:href="source/_freeze/index/figure-ipynb/fig-spatial-plot-output-1.png"/>
  </item>
  <item item-type="article-source">
    <instance media-type="text/css" xlink:href="source/_freeze/site_libs/bootstrap/bootstrap-icons.css"/>
  </item>
  <item item-type="article-source">
    <instance media-type="application/font-woff" xlink:href="source/_freeze/site_libs/bootstrap/bootstrap-icons.woff"/>
  </item>
  <item item-type="article-source">
    <instance media-type="text/css" xlink:href="source/_freeze/site_libs/bootstrap/bootstrap.min.css"/>
  </item>
  <item item-type="article-source">
    <instance media-type="application/javascript" xlink:href="source/_freeze/site_libs/bootstrap/bootstrap.min.js"/>
  </item>
  <item item-type="article-source">
    <instance media-type="application/javascript" xlink:href="source/_freeze/site_libs/clipboard/clipboard.min.js"/>
  </item>
  <item item-type="article-source">
    <instance media-type="application/javascript" xlink:href="source/_freeze/site_libs/manuscript-notebook/headroom.min.js"/>
  </item>
  <item item-type="article-source">
    <instance media-type="text/css" xlink:href="source/_freeze/site_libs/quarto-contrib/glightbox/glightbox.min.css"/>
  </item>
  <item item-type="article-source">
    <instance media-type="application/javascript" xlink:href="source/_freeze/site_libs/quarto-contrib/glightbox/glightbox.min.js"/>
  </item>
  <item item-type="article-source">
    <instance media-type="text/css" xlink:href="source/_freeze/site_libs/quarto-contrib/glightbox/lightbox.css"/>
  </item>
  <item item-type="article-source">
    <instance media-type="application/javascript" xlink:href="source/_freeze/site_libs/quarto-html/anchor.min.js"/>
  </item>
  <item item-type="article-source">
    <instance media-type="application/javascript" xlink:href="source/_freeze/site_libs/quarto-html/popper.min.js"/>
  </item>
  <item item-type="article-source">
    <instance media-type="text/css" xlink:href="source/_freeze/site_libs/quarto-html/quarto-syntax-highlighting.css"/>
  </item>
  <item item-type="article-source">
    <instance media-type="application/javascript" xlink:href="source/_freeze/site_libs/quarto-html/quarto.js"/>
  </item>
  <item item-type="article-source">
    <instance media-type="text/css" xlink:href="source/_freeze/site_libs/quarto-html/tippy.css"/>
  </item>
  <item item-type="article-source">
    <instance media-type="application/javascript" xlink:href="source/_freeze/site_libs/quarto-html/tippy.umd.min.js"/>
  </item>
  <item item-type="article-source">
    <instance media-type="application/octet-stream" xlink:href="source/_quarto.yml"/>
  </item>
  <item item-type="article-source">
    <instance media-type="application/octet-stream" xlink:href="source/boxplot_df.csv"/>
  </item>
  <item item-type="article-source">
    <instance media-type="image/png" xlink:href="source/figures/dem_vi.png"/>
  </item>
  <item item-type="article-source">
    <instance media-type="image/png" xlink:href="source/figures/desig_year.png"/>
  </item>
  <item item-type="article-source">
    <instance media-type="application/octet-stream" xlink:href="source/figures/flow.drawio"/>
  </item>
  <item item-type="article-source">
    <instance media-type="image/png" xlink:href="source/figures/flow.drawio.png"/>
  </item>
  <item item-type="article-source">
    <instance media-type="image/png" xlink:href="source/figures/hf_vi.png"/>
  </item>
  <item item-type="article-source">
    <instance media-type="image/png" xlink:href="source/figures/hist_quantiles.png"/>
  </item>
  <item item-type="article-source">
    <instance media-type="image/png" xlink:href="source/figures/mahal_fake_plot.png"/>
  </item>
  <item item-type="article-source">
    <instance media-type="image/png" xlink:href="source/figures/mahalanobis_vis.png"/>
  </item>
  <item item-type="article-source">
    <instance media-type="image/png" xlink:href="source/figures/map_vi.png"/>
  </item>
  <item item-type="article-source">
    <instance media-type="image/png" xlink:href="source/figures/strath.png"/>
  </item>
  <item item-type="article-source">
    <instance media-type="image/png" xlink:href="source/figures/study_area.png"/>
  </item>
  <item item-type="article-source">
    <instance media-type="image/png" xlink:href="source/figures/study_area_no_pa.png"/>
  </item>
  <item item-type="article-source">
    <instance media-type="image/png" xlink:href="source/figures/test_stack-removebg-preview.png"/>
  </item>
  <item item-type="article-source">
    <instance media-type="image/png" xlink:href="source/figures/test_stack.png"/>
  </item>
  <item item-type="article-source">
    <instance media-type="image/png" xlink:href="source/figures/test_stackq-removebg-preview.png"/>
  </item>
  <item item-type="article-source">
    <instance media-type="image/png" xlink:href="source/figures/test_stackq.png"/>
  </item>
  <item item-type="article-source">
    <instance media-type="application/octet-stream" xlink:href="source/forest_rcl.csv"/>
  </item>
  <item item-type="article-source">
    <instance media-type="application/octet-stream" xlink:href="source/index.qmd"/>
  </item>
  <item item-type="article-source">
    <instance media-type="image/png" xlink:href="source/index_files/figure-ipynb/fig-spatial-plot-output-1.png"/>
  </item>
  <item item-type="article-source">
    <instance media-type="image/png" xlink:href="source/individuals.png"/>
  </item>
  <item item-type="article-source">
    <instance media-type="application/vnd.openxmlformats-officedocument.wordprocessingml.document" xlink:href="source/my-styles.docx"/>
  </item>
  <item item-type="article-source">
    <instance media-type="application/octet-stream" xlink:href="source/notebooks/presentation_figures.qmd"/>
  </item>
  <item item-type="article-source">
    <instance media-type="application/octet-stream" xlink:href="source/notebooks/vi_recent.qmd"/>
  </item>
  <item item-type="article-source">
    <instance media-type="application/octet-stream" xlink:href="source/packages.bib"/>
  </item>
  <item item-type="article-source">
    <instance media-type="application/octet-stream" xlink:href="source/references.bib"/>
  </item>
  <item item-type="article-source">
    <instance media-type="application/octet-stream" xlink:href="source/remote-sensing-of-environment.csl"/>
  </item>
  <item item-type="article-source-environment">
    <instance media-type="application/octet-stream" xlink:href="source/renv.lock"/>
  </item>
  <item item-type="article-source">
    <instance media-type="application/octet-stream" xlink:href="source/renv/.gitignore"/>
  </item>
  <item item-type="article-source">
    <instance media-type="application/octet-stream" xlink:href="source/renv/activate.R"/>
  </item>
  <item item-type="article-source">
    <instance media-type="application/json" xlink:href="source/renv/settings.json"/>
  </item>
  <item item-type="article-source">
    <instance media-type="application/octet-stream" xlink:href="source/scratch/gadm/gadm36_adm0_r5_pk.rds"/>
  </item>
  <item item-type="article-source">
    <instance media-type="application/octet-stream" xlink:href="source/scratch/gadm/gadm41_CAN_1_pk.rds"/>
  </item>
  <item item-type="article-source">
    <instance media-type="application/octet-stream" xlink:href="source/scripts/backup_calc_mahal_cells.R"/>
  </item>
  <item item-type="article-source">
    <instance media-type="application/octet-stream" xlink:href="source/scripts/base_map_for_leanna.R"/>
  </item>
  <item item-type="article-source">
    <instance media-type="application/octet-stream" xlink:href="source/scripts/simulate_mahal_plot.R"/>
  </item>
  <item item-type="article-source">
    <instance media-type="application/octet-stream" xlink:href="source/scripts/stacked_maps.R"/>
  </item>
  <item item-type="article-source">
    <instance media-type="image/png" xlink:href="source/strathcona/figures/dem_vi.png"/>
  </item>
  <item item-type="article-source">
    <instance media-type="image/png" xlink:href="source/strathcona/figures/desig_year.png"/>
  </item>
  <item item-type="article-source">
    <instance media-type="image/png" xlink:href="source/strathcona/figures/hf_map.png"/>
  </item>
  <item item-type="article-source">
    <instance media-type="image/png" xlink:href="source/strathcona/figures/hf_map_masked.png"/>
  </item>
  <item item-type="article-source">
    <instance media-type="image/png" xlink:href="source/strathcona/figures/hf_map_samples.png"/>
  </item>
  <item item-type="article-source">
    <instance media-type="image/png" xlink:href="source/strathcona/figures/hf_vi.png"/>
  </item>
  <item item-type="article-source">
    <instance media-type="image/png" xlink:href="source/strathcona/figures/hist_quantiles.png"/>
  </item>
  <item item-type="article-source">
    <instance media-type="image/png" xlink:href="source/strathcona/figures/hist_quantiles_ol.png"/>
  </item>
  <item item-type="article-source">
    <instance media-type="image/png" xlink:href="source/strathcona/figures/indiv_boxplots.png"/>
  </item>
  <item item-type="article-source">
    <instance media-type="image/png" xlink:href="source/strathcona/figures/mahal_boxplot_nosig.png"/>
  </item>
  <item item-type="article-source">
    <instance media-type="image/png" xlink:href="source/strathcona/figures/mahal_boxplot_sig.png"/>
  </item>
  <item item-type="article-source">
    <instance media-type="image/png" xlink:href="source/strathcona/figures/mahal_boxplot_sig_BACKUP.png"/>
  </item>
  <item item-type="article-source">
    <instance media-type="image/png" xlink:href="source/strathcona/figures/mahal_notransform.png"/>
  </item>
  <item item-type="article-source">
    <instance media-type="image/png" xlink:href="source/strathcona/figures/mahal_transform.png"/>
  </item>
  <item item-type="article-source">
    <instance media-type="image/png" xlink:href="source/strathcona/figures/mahal_transform_sd.png"/>
  </item>
  <item item-type="article-source">
    <instance media-type="image/png" xlink:href="source/strathcona/figures/map_vi.png"/>
  </item>
  <item item-type="article-source">
    <instance media-type="image/png" xlink:href="source/strathcona/figures/metric_rasters/CumDHI.png"/>
  </item>
  <item item-type="article-source">
    <instance media-type="image/png" xlink:href="source/strathcona/figures/metric_rasters/MinDHI.png"/>
  </item>
  <item item-type="article-source">
    <instance media-type="image/png" xlink:href="source/strathcona/figures/metric_rasters/VarDHI.png"/>
  </item>
  <item item-type="article-source">
    <instance media-type="image/png" xlink:href="source/strathcona/figures/metric_rasters/elev_cv.png"/>
  </item>
  <item item-type="article-source">
    <instance media-type="image/png" xlink:href="source/strathcona/figures/metric_rasters/elev_p95.png"/>
  </item>
  <item item-type="article-source">
    <instance media-type="image/png" xlink:href="source/strathcona/figures/metric_rasters/percentage_first_returns_above_2m.png"/>
  </item>
  <item item-type="article-source">
    <instance media-type="image/png" xlink:href="source/strathcona/figures/metric_rasters/total_biomass.png"/>
  </item>
  <item item-type="article-source">
    <instance media-type="image/png" xlink:href="source/strathcona/figures/nn_map.png"/>
  </item>
  <item item-type="article-source">
    <instance media-type="image/png" xlink:href="source/strathcona/figures/nn_map_masked.png"/>
  </item>
  <item item-type="article-source">
    <instance media-type="image/png" xlink:href="source/strathcona/figures/qqnorms.png"/>
  </item>
  <item item-type="article-source">
    <instance media-type="image/png" xlink:href="source/strathcona/figures/sigma_rasters/biomass-0.9_all.dat.png"/>
  </item>
  <item item-type="article-source">
    <instance media-type="image/png" xlink:href="source/strathcona/figures/sigma_rasters/biomass-0.9_dhi.dat.png"/>
  </item>
  <item item-type="article-source">
    <instance media-type="image/png" xlink:href="source/strathcona/figures/sigma_rasters/biomass-0.9_str.dat.png"/>
  </item>
  <item item-type="article-source">
    <instance media-type="image/png" xlink:href="source/strathcona/figures/sigma_rasters/complexity-0.9_all.dat.png"/>
  </item>
  <item item-type="article-source">
    <instance media-type="image/png" xlink:href="source/strathcona/figures/sigma_rasters/complexity-0.9_dhi.dat.png"/>
  </item>
  <item item-type="article-source">
    <instance media-type="image/png" xlink:href="source/strathcona/figures/sigma_rasters/complexity-0.9_str.dat.png"/>
  </item>
  <item item-type="article-source">
    <instance media-type="image/png" xlink:href="source/strathcona/figures/sigma_rasters/cover-0.9_all.dat.png"/>
  </item>
  <item item-type="article-source">
    <instance media-type="image/png" xlink:href="source/strathcona/figures/sigma_rasters/cover-0.9_dhi.dat.png"/>
  </item>
  <item item-type="article-source">
    <instance media-type="image/png" xlink:href="source/strathcona/figures/sigma_rasters/cover-0.9_str.dat.png"/>
  </item>
  <item item-type="article-source">
    <instance media-type="image/png" xlink:href="source/strathcona/figures/sigma_rasters/cum-0.9_all.dat.png"/>
  </item>
  <item item-type="article-source">
    <instance media-type="image/png" xlink:href="source/strathcona/figures/sigma_rasters/cum-0.9_dhi.dat.png"/>
  </item>
  <item item-type="article-source">
    <instance media-type="image/png" xlink:href="source/strathcona/figures/sigma_rasters/cum-0.9_str.dat.png"/>
  </item>
  <item item-type="article-source">
    <instance media-type="image/png" xlink:href="source/strathcona/figures/sigma_rasters/height-0.9_all.dat.png"/>
  </item>
  <item item-type="article-source">
    <instance media-type="image/png" xlink:href="source/strathcona/figures/sigma_rasters/height-0.9_dhi.dat.png"/>
  </item>
  <item item-type="article-source">
    <instance media-type="image/png" xlink:href="source/strathcona/figures/sigma_rasters/height-0.9_str.dat.png"/>
  </item>
  <item item-type="article-source">
    <instance media-type="image/png" xlink:href="source/strathcona/figures/sigma_rasters/var-0.9_all.dat.png"/>
  </item>
  <item item-type="article-source">
    <instance media-type="image/png" xlink:href="source/strathcona/figures/sigma_rasters/var-0.9_dhi.dat.png"/>
  </item>
  <item item-type="article-source">
    <instance media-type="image/png" xlink:href="source/strathcona/figures/sigma_rasters/var-0.9_str.dat.png"/>
  </item>
  <item item-type="article-source">
    <instance media-type="image/png" xlink:href="source/strathcona/figures/study_area.png"/>
  </item>
  <item item-type="article-source">
    <instance media-type="application/octet-stream" xlink:href="source/vi_manuscript.Rproj"/>
  </item>
  <item item-type="article-source-directory">
    <instance media-type="application/x-directory" xlink:href="source"/>
  </item>
</manifest>